employee_id,first_name,last_name,job_title,department,email,address,country,phone_number,salary,password
EMP001,Andrew,Peterson,Economist,Powers and Sons,taylorgarrett@example.com,"PSC 9300, Box 0486, APO AA 50657",Bouvet Island (Bouvetoya),8702824789,103866,G(K57i_'
EMP002,Austin,Moore,"Nurse, adult",Cooper-Smith,jorgewelch@example.com,"USNV Hunter, FPO AP 89172",Liechtenstein,(366)477-7934,101246,":z~,&7<$"
EMP003,Steven,Armstrong,Economist,"Martin, Reynolds and Schultz",amy21@example.org,"3697 Mary Grove, West Jaredview, WY 00520",Hong Kong,(920)975-3695x4816,149520,Wt$h)mvx
EMP004,Suzanne,Gilmore,Chief Executive Officer,Walsh-Hunt,jodi68@example.org,"30238 Kimberly Squares, Robinsonchester, MN 15837",Bahamas,+1-203-641-6978x10347,115340,UKUSaV]r
EMP005,Tara,Powell,Community development worker,Hansen-Woods,schwartzjessica@example.com,"9104 Michael Forks, East Melissa, ND 21273",Uruguay,001-896-296-0849x57351,30142,Rm!$KP+q
EMP006,Joyce,Taylor,Orthoptist,Ingram-Harvey,emily60@example.org,"58015 Gregory Islands, Matamouth, MH 30466",Saudi Arabia,259.436.0941,125680,@4x>Q1}[
EMP007,James,King,Counsellor,Young PLC,angela44@example.org,"4540 George Gateway Apt. 963, Douglasfort, WY 28530",Netherlands Antilles,(566)325-4923x1755,138427,+OK5xHsf
EMP008,Stephen,Barton,Pathologist,"Mcmillan, Brandt and Cervantes",perezdiane@example.net,"49732 Blankenship Gardens, East Connie, OH 24654",Suriname,001-928-544-0777x55164,66392,1R<skT2n
EMP009,April,Garcia,Database administrator,White Group,steven81@example.net,"69699 Henderson Burgs, West Megan, DE 24379",Antigua and Barbuda,332.412.2526,72341,:2CG!ly-
EMP010,John,Green,Speech and language therapist,"Joseph, Hernandez and Ruiz",davidcook@example.net,"00547 Kimberly Greens Suite 316, Jamesstad, OK 40273",Togo,(743)588-5060x81249,89545,Z{kd}7=<
EMP011,Madison,Underwood,Fine artist,"Hensley, Miller and Williams",wolfjohn@example.com,"693 Stone Cape Suite 066, East Cody, LA 66662",Oman,(434)774-2811x8226,98896,X8m/?7+E
EMP012,Jennifer,Mills,"Nurse, adult","Smith, Marshall and Garcia",rayrussell@example.org,"3620 Bennett Parks Suite 309, North Julie, MI 08512",Tunisia,(818)560-9220x735,124510,xWalT$70
EMP013,David,Holmes,"Editor, commissioning",Escobar-Padilla,ifields@example.net,"04695 Justin Parkways Apt. 378, East Debbie, KY 27271",United States Minor Outlying Islands,9084857394,109759,>UZ?Zx]X
EMP014,Barbara,Ford,Music tutor,"Ford, Martin and Daniel",johnreyes@example.com,"21248 Gonzales Square Suite 388, North James, AL 35956",Kyrgyz Republic,+1-707-580-2162x0735,135725,3o\[/z>M
EMP015,Brandon,White,Medical sales representative,"Martin, Gonzales and Avery",nicholas44@example.net,"63450 Edwards Squares, Bruceville, KY 47451",Wallis and Futuna,841.692.1848,142227,;ay<zJCK
EMP016,Jack,Golden,"Biochemist, clinical","Collins, Marquez and Solis",oscarwilliams@example.com,"05489 Leslie Route, Deborahfurt, NE 16459",Madagascar,+1-542-240-2810x18080,45418,3N^P;)I>
EMP017,Amy,Brown,Armed forces logistics/support/administrative officer,"Weaver, King and Robinson",sanchezjessica@example.net,"17018 Cynthia Key Suite 500, East Matthew, NE 65912",United States of America,001-945-214-3912,78734,}foFUvQr
EMP018,Christine,Deleon,"Designer, interior/spatial","Walker, Ross and Velazquez",xquinn@example.com,"24222 Harper Crossroad, Port Michaelton, IA 19013",Spain,001-292-213-9680x497,130444,fn9aGk;o
EMP019,Peter,Valencia,"Designer, textile","Greene, Smith and Martinez",lamtimothy@example.org,"90752 Ramirez Mountain Suite 646, Jacksonview, FL 19685",Azerbaijan,839-596-7235,36012,"S@q/(;7"""
EMP020,Lori,Williams,Risk manager,Snyder-Page,lstokes@example.com,"56948 Evans Village, Andersonstad, MN 66309",Egypt,761-237-7203,137867,OumyJxv1
EMP021,Troy,Baker,"Surveyor, minerals","Rivera, Black and Robinson",riveramichael@example.com,"34633 Harris Island Apt. 068, Nicholasside, CA 80189",Cameroon,001-588-548-2797x432,35758,1FpJ^[EE
EMP022,James,Alexander,Sports therapist,"Dawson, Ferguson and Gray",ryan63@example.org,"3523 Mills Walks, New Tinahaven, NC 08853",Grenada,301-790-4042x9937,70738,t+%?m}%@
EMP023,Marcus,Price,Radiation protection practitioner,Maldonado Ltd,donald12@example.org,"760 Mandy Land Apt. 097, West Ethanside, AR 46672",Armenia,+1-476-498-5503x58333,93272,3|Lnv<2y
EMP024,Linda,Cooper,Energy engineer,Webb PLC,ojackson@example.org,"963 Nicole Path, Wolfburgh, AL 49534",United Kingdom,(765)257-8319x87241,134082,7+_gvRR]
EMP025,Michael,Gonzales,Economist,Mendez Group,vanessa81@example.org,"29682 Huang Circle, Dominguezland, UT 53900",Brazil,(671)430-8715x590,70903,C!fu]BK%
EMP026,Curtis,Shields,Insurance underwriter,"Dunn, Warren and Rivera",taylorthomas@example.org,"3878 Todd Circles Apt. 028, East Oliviaberg, DE 65708",Japan,613.231.8822x716,93425,Zk%F-vd-
EMP027,Donna,Cook,Community arts worker,Bishop PLC,gbright@example.com,"52314 Wright Flat, New Jeffrey, AL 39829",New Zealand,+1-758-704-3308x09083,116385,iJ$5ssK+
EMP028,Austin,Lee,Passenger transport manager,Levy PLC,maxwellstephen@example.net,"24634 Patel Loop, Port Dennisside, NY 14040",United States Minor Outlying Islands,(271)511-2993x339,138170,9-\q(O6~
EMP029,Zachary,Wilson,Pathologist,Proctor LLC,evanskelly@example.net,"850 Anthony Villages, South Jeffreyfort, PA 11630",Micronesia,(381)689-1072,33712,J_2LXYnP
EMP030,Matthew,Oconnell,"Engineer, structural",Hernandez PLC,scottjoshua@example.com,"5975 Gregory Shore, Williambury, ID 48117",France,527-733-5019x8541,59407,"41WM""/ME"
EMP031,Jacqueline,Brown,"Journalist, magazine","Green, Moran and George",jburns@example.org,"0267 Stone Path, South Karenville, AL 76017",Albania,+1-585-686-5954,105987,5/HT)'2Q
EMP032,Daniel,Hughes,Statistician,Allen-Freeman,logan90@example.com,"12996 Mary Creek, New Alyssafurt, MA 89007",Malaysia,001-765-744-4604x006,112778,L.SsOJc.
EMP033,Keith,Smith,Multimedia programmer,Morgan-Turner,jacobsutton@example.net,"4698 Stephen Overpass Apt. 882, South Sherylside, PR 15220",Lithuania,498.819.3629x5333,44880,9YbS8W8K
EMP034,Donna,Ramirez,"Therapist, drama",Serrano-Woods,maureen38@example.net,"1839 Yvonne Drive, Port Jasonland, MH 70274",Cyprus,+1-213-200-6574x084,93815,"{~6reDX,"
EMP035,Matthew,Malone,Animal technologist,"Richards, Young and Middleton",dwheeler@example.com,"15119 John Corners, East Kathy, WI 62080",Iraq,+1-844-305-2708x455,59444,KHkD\22|
EMP036,Karen,Marsh,"Surveyor, building",Keith-Wilson,vhenderson@example.com,"PSC 0936, Box 8651, APO AE 79480",Saint Barthelemy,+1-978-244-4666x06685,110790,PK/v*Xt)
EMP037,Jennifer,Allison,"Horticulturist, commercial",Mitchell-Henry,eileentaylor@example.org,"105 Villanueva Locks, Kirkchester, CO 33009",Fiji,8225052129,128274,S2zYwH`'
EMP038,Tiffany,Martin,International aid/development worker,"Rios, Simpson and Mcintyre",zruiz@example.org,"881 Donald Locks, South Nicholasside, PA 69359",Rwanda,+1-991-293-3340x93979,66365,kuG'_'9;
EMP039,Paul,Saunders,Environmental manager,Orozco Ltd,cookjoseph@example.com,"5609 Alexandra Dale Apt. 041, Ericksonburgh, HI 49827",Albania,+1-339-272-8364x7544,48073,>O!aDHIc
EMP040,Christopher,Kramer,Financial risk analyst,Robles-Garcia,handerson@example.net,"39414 Tami Pass Suite 207, Andradeberg, MO 70837",Slovenia,(504)447-3344x08076,123160,"B7T%MC""!"
EMP041,Laura,Huff,"Administrator, Civil Service",Robinson Ltd,andersonrandall@example.org,"PSC 8241, Box 8798, APO AA 07544",Canada,737.335.7780,98594,fwk|<1#E
EMP042,Melissa,Hopkins,Clinical embryologist,Griffin-Moore,hbenson@example.com,"73709 April Village Suite 022, Theresamouth, AZ 64213",Uganda,001-793-857-7328x78188,37777,"B7a-UH""O"
EMP043,Chelsea,Pineda,Counsellor,"Gonzalez, Smith and Ferguson",maychristina@example.com,"PSC 0635, Box 0377, APO AA 22595",French Southern Territories,673-250-4767x50674,133488,w[Oivt~%
EMP044,Thomas,Lopez,Garment/textile technologist,Cole-Weaver,ruizluis@example.com,"112 Sandy Motorway Suite 899, Brittanyfort, NC 02869",Bolivia,+1-366-244-6597,79941,OMt-@Te/
EMP045,Jennifer,Fitzgerald,"Surveyor, hydrographic",Greene-Dickerson,parkstabitha@example.net,"Unit 5883 Box 1326, DPO AA 40162",Saint Vincent and the Grenadines,310.897.8009x04438,149992,":fi""NVZN"
EMP046,James,Sims,"Designer, graphic",Parrish-Gray,mgomez@example.org,"5121 David Expressway Suite 950, Brandonbury, NY 81437",Nepal,001-292-994-9296,64381,'NcX]4M2
EMP047,Jack,Ryan,Recycling officer,"Jones, Chavez and Taylor",navarrojennifer@example.com,"961 Miller Viaduct, Perrymouth, VI 16655",Bermuda,001-310-201-8757,135032,"{""tRCx}3"
EMP048,Tammy,Collins,Meteorologist,Richardson Group,johnvargas@example.net,"9540 Johnson Ways Apt. 587, Lake Christopher, AZ 74645",Ethiopia,001-273-603-1211x2262,57474,sK(W)wMx
EMP049,Melissa,Alexander,Facilities manager,"Johnston, Palmer and Diaz",alexandergreene@example.com,"539 Clark Prairie, Williammouth, LA 10236",Marshall Islands,(976)825-3937x39747,116289,%>\-R17f
EMP050,Marisa,Lamb,Water engineer,Jefferson-Garcia,wheelersteven@example.com,"032 Jenna Mountain Suite 801, Rodgersfurt, WI 29991",Bolivia,(754)439-3257x693,136565,xLu!Ky\[
EMP051,Deanna,Andrews,"Producer, television/film/video",Schmidt Ltd,lauraperry@example.com,"80563 Thomas Lakes Suite 870, Nunezbury, CO 76146",Grenada,(380)279-3000,108800,gjmE<Ul?
EMP052,William,Morrison,Chartered management accountant,Cruz-Wheeler,zsmith@example.com,"74216 Parker Shoals, New Katherinefurt, ND 34935",Syrian Arab Republic,(624)711-7657x5405,39073,8[{pVCxt
EMP053,Jimmy,Castillo,Teaching laboratory technician,"Benson, Wright and Lamb",courtneycortez@example.org,"9808 Jenny Knolls, Hansonstad, ID 00764",Australia,001-679-745-3315x0230,104287,"d0L>Ux""K"
EMP054,Madison,Hicks,Furniture designer,Villegas PLC,josephterrell@example.com,"46075 Collins Causeway Suite 492, West Logan, SC 38249",Malta,+1-347-200-9744x30468,70498,4tfvCGc(
EMP055,Lori,Li,Hydrologist,Williams and Sons,gabriella35@example.net,"363 Ruiz Drive, Lake Kathleenhaven, UT 14877",Montenegro,287.674.5918x96462,51941,Vy/a\&=6
EMP056,Danielle,Roberts,"Pharmacist, hospital",Griffin-Moore,josephallen@example.net,"8287 Lopez Curve, Kevinview, AK 56600",Madagascar,632.896.0499x81966,88301,`k[FHT7c
EMP057,Christopher,Goodwin,Media buyer,Livingston and Sons,reyesmatthew@example.net,"588 Gregory Orchard, Rhondaview, NE 06581",Congo,+1-703-498-9781x0876,135450,"B""k&3{PT"
EMP058,Susan,James,"Investment banker, corporate","Galvan, Wong and Torres",lewisspencer@example.org,"6629 Amanda Burgs, Port Deborah, SC 02359",Mayotte,+1-226-951-4468x239,52869,6s-3F076
EMP059,Allen,Johnson,Risk analyst,"Parker, Hernandez and Brown",april76@example.com,"17538 Erika Island, Whiteport, AS 20468",Jordan,(526)311-3445x714,36556,<~2L&lC`
EMP060,Michael,Hubbard,"Engineer, chemical",Juarez and Sons,michaelbaxter@example.com,"648 Michelle Alley, Lake Michelle, VI 48035",Kuwait,465-656-4119,44910,HZ<?Yibk
EMP061,Brittany,Hamilton,"Designer, multimedia",Martinez LLC,felicia37@example.com,"7995 Robert Radial, East Scott, OR 14860",Albania,+1-510-868-8246x52155,141755,hbVklLK'
EMP062,Teresa,Cook,"Teacher, early years/pre","Prince, Bennett and Maldonado",parkerscott@example.net,"414 Leonard Extension, North Wendyhaven, OK 01601",Bouvet Island (Bouvetoya),243-481-2347x895,47131,}Ri@lAL7
EMP063,Joshua,Byrd,"Pharmacist, hospital",Sullivan-Roy,nvillanueva@example.org,"925 Thomas Point Suite 240, West Aprilmouth, IN 64364",Chad,697.683.2601,134072,O[oCal%B
EMP064,Ashley,Daniels,Economist,Johnson-Johnston,evanssteven@example.com,"1145 Johnson Isle Suite 526, Jamesburgh, DC 36437",Serbia,001-857-527-7736x10177,107186,\B5c{%z<
EMP065,Lauren,Espinoza,Chemical engineer,Noble-Lawrence,kaitlynjones@example.org,"836 Susan Drive, Walkerhaven, IN 72941",Zimbabwe,+1-252-670-4448x860,55815,"yjT.Zl,,"
EMP066,Debbie,Beard,Immigration officer,Bentley LLC,vowens@example.com,"92417 Schwartz Ridge Apt. 082, Lake Davidton, NE 65502",Timor-Leste,930.579.2675,64443,Ks(`*8l4
EMP067,Samantha,Jensen,"Engineer, biomedical","Gordon, Smith and West",allenheather@example.net,"8974 Sherri Meadow Suite 236, South Janetborough, KY 03275",Solomon Islands,001-217-349-3508,37752,"9a7K,6y`"
EMP068,Haley,Chandler,Customer service manager,"Gillespie, Ramirez and Rodriguez",cooperlindsay@example.com,"8326 Jones Burgs Apt. 001, Moralesberg, MP 86522",Pitcairn Islands,+1-477-529-0159x3789,74954,6e%o@ooC
EMP069,Tina,Terry,"Designer, textile",Meyer-Fischer,pjohnston@example.org,"3384 Mcmahon Light, Huntermouth, PA 43000",Croatia,+1-421-279-0527x5043,127382,"E>,Ywt!Q"
EMP070,Christopher,Tran,Commissioning editor,"Deleon, Johnston and Miles",paul87@example.com,"36635 Angel Expressway, Ferrellborough, NM 90442",Mauritania,616-701-5148,55904,+u=Nh&>/
EMP071,David,Jimenez,Chartered certified accountant,"Harris, Wilson and Hughes",cole83@example.net,"4398 Victoria Dam Suite 747, Andersonland, AL 85926",Korea,(349)752-8800,86789,gk7+smLl
EMP072,Steven,West,Accommodation manager,"Gonzalez, Hurst and Butler",hendersondeborah@example.com,"Unit 4665 Box 5091, DPO AA 30382",Australia,792.271.2690x2684,98254,wZYc>1ll
EMP073,David,Lewis,"Engineer, structural",Garcia-Davidson,cynthia88@example.net,"08939 Haley Shores, Jimenezside, PR 47905",New Zealand,001-708-369-4826,129804,|~9o=|<Z
EMP074,Samantha,Harmon,Research scientist (medical),Marquez-Howard,kerrykennedy@example.com,"5236 Kevin Island Suite 309, Jeffreyshire, KY 65550",Lao People's Democratic Republic,5575478794,58703,"xlM""n/B8"
EMP075,Elizabeth,Sanchez,Orthoptist,Fleming-Parker,donna16@example.net,"2867 Green Square, Raymondberg, KS 06624",Kazakhstan,001-723-729-6936x2457,47986,"mB#1y]""d"
EMP076,Claudia,Robinson,"Doctor, general practice",Obrien LLC,taylorroy@example.net,"02977 Hughes Junctions Suite 212, Aguilarfort, NV 67232",El Salvador,526.323.0136,116358,k{#ne_i:
EMP077,Lisa,Murphy,Museum/gallery curator,"Farley, Bradshaw and Ortiz",floydshane@example.org,"7908 Sarah Pike Apt. 648, East Jodi, MS 22138",Zimbabwe,(880)270-5297x64372,116078,Ij:MZqiY
EMP078,Jean,Foster,Academic librarian,Smith-Weeks,carl65@example.org,"838 David Light, Roweville, MA 24712",Gambia,(609)562-9876x36374,35761,EF?%h{Zr
EMP079,Sara,Wilcox,Systems analyst,"Stone, Douglas and Beck",dmartinez@example.org,"913 David Unions Suite 382, North Danielleberg, WA 71098",Liberia,4315804553,116063,]HF/@V5}
EMP080,Jeffery,Davis,Aid worker,"Montgomery, Jackson and Guerrero",christopher05@example.net,"PSC 4711, Box 9896, APO AA 26636",Canada,799-205-9692x61797,114795,"""3aER8`q"
EMP081,Laura,Fleming,Risk manager,Beard Ltd,vancetaylor@example.org,"206 Young Pass, Hesterland, ID 54904",Gibraltar,+1-646-418-6602x7733,142258,2cb<6~-R
EMP082,Cheryl,Davis,Materials engineer,Hahn Ltd,gregory06@example.org,"4671 David Trail Suite 720, North Johnfurt, OR 15573",Faroe Islands,001-809-317-1366,77314,3{7AS%cP
EMP083,Carla,Gutierrez,Copy,"Torres, Ramirez and Branch",craigmarie@example.net,"2717 Kevin Run, North Brian, PR 58734",Ukraine,001-330-783-6675x0321,87807,WuTv21}n
EMP084,Brittany,Butler,Product designer,Dixon-Cochran,omacdonald@example.com,"812 Schmidt Glens Apt. 853, East Wendyport, LA 57092",British Indian Ocean Territory (Chagos Archipelago),+1-590-565-5831x251,130728,zNr1RT{9
EMP085,Jane,Cobb,Media buyer,"Montgomery, Perez and Willis",belliott@example.org,"2487 Amy Cliff Apt. 411, Andreaville, MP 06874",Nigeria,535-796-0968x380,59106,0pO^9.JP
EMP086,Anthony,Larsen,"Doctor, hospital","Miller, Khan and Chavez",mbell@example.com,"00968 Shaun Locks, Elizabethhaven, TX 88693",Vanuatu,001-373-320-2061x374,81534,".\!/vg"":"
EMP087,Jessica,Molina,Microbiologist,"Armstrong, Miller and Collins",cclark@example.org,"7754 Knight Motorway, New John, AZ 20320",Senegal,(731)534-6934x97354,124018,/z%=qd>N
EMP088,Nicholas,Ford,Medical secretary,"Burns, Marshall and Clark",rebecca77@example.net,"76094 Ford Parks, Emilychester, NY 91304",Jordan,+1-274-266-8569,147097,**>X$KNA
EMP089,Scott,Mays,Osteopath,Smith LLC,fritzsue@example.org,"37291 Larry Overpass, East Richard, ND 90867",Paraguay,469.618.0769x259,117305,Znl:bG-\
EMP090,Travis,Hall,"Engineer, drilling","Weaver, Mitchell and Johnson",codyharris@example.com,"8795 Randall Walk Apt. 395, Hallport, MA 36481",Pakistan,442-835-9390x84632,141793,ain|42(J
EMP091,Arthur,Lozano,Telecommunications researcher,Morgan-Moore,nicholsonpatty@example.net,"4674 Moyer Highway Suite 540, Burtonberg, IA 06511",Niger,(274)673-6859x53877,144001,RG^<s(;c
EMP092,Melissa,Duffy,Tax adviser,"Lawson, Yu and Johnson",makaylajones@example.com,"240 Smith Alley Suite 855, Robinsonfurt, UT 11951",Solomon Islands,+1-817-402-4195x8581,87577,2u+?;!r7
EMP093,Jenna,Hayes,"Embryologist, clinical","Ray, Gutierrez and Harris",vrodriguez@example.net,"Unit 1464 Box 1617, DPO AA 71059",Bouvet Island (Bouvetoya),(414)461-5913,77193,{)~.<i)q
EMP094,Melanie,Bernard,Sub,Gilbert-Brown,adamhernandez@example.net,"6183 Vang Views, Mcleanchester, ID 76693",Chile,(851)277-7242x875,85958,F<K|0^aI
EMP095,Tyler,Moore,"Psychologist, clinical",Holt-Miller,mark98@example.com,"PSC 8099, Box 4132, APO AE 83534",Ukraine,001-755-836-8113x88056,131394,"hcQ_,&,v"
EMP096,Robert,English,Industrial/product designer,Wilson-James,walkerjoseph@example.net,"7158 Howe Circles Apt. 691, South Scottstad, TN 02983",Mali,305-756-1426,114427,c25jrNuX
EMP097,Jacob,Peterson,Automotive engineer,"Burgess, Roberts and Fischer",wattssarah@example.net,"45932 Jennifer Turnpike Suite 006, Williammouth, DC 94104",Cook Islands,832.937.6672x6571,81677,?m;;]2L0
EMP098,Susan,Thompson,Radiation protection practitioner,"Gonzalez, Griffin and Blanchard",michaelcarlson@example.net,"3708 Eileen Ways, East Karinaborough, TX 90511",Bulgaria,717.586.5258x0257,79406,~n?T-Jt%
EMP099,William,Gutierrez,International aid/development worker,"Brooks, Anderson and Garcia",davidrodriguez@example.net,"261 Thomas Grove, Aprilmouth, KY 79702",Papua New Guinea,906.584.6481,36016,YP0|;nBV
EMP100,Daniel,Baxter,Water quality scientist,Morris-Fischer,ajohnson@example.org,"27725 Cook Inlet Suite 130, South Kaitlynburgh, IL 09723",Cameroon,+1-732-699-5406,96466,B?MG8tJ*
