employee_id,first_name,last_name,job_title,department,email,address,country,phone_number,salary,password,Full_Name
EMP059,Allen,Johnson,Risk analyst,"Parker, Hernandez and Brown",april76@example.com,"17538 Erika Island, Whiteport, AS 20468",Jordan,(526)311-3445x714,xxxxxx,00000000000000000000000000000000a899ad9c173e40fcd19ad7804d8a00dd,"AllenName ,Johnson"
EMP017,Amy,Brown,Armed forces logistics/support/administrative officer,"Weaver, King and Robinson",sanchezjessica@example.net,"17018 Cynthia Key Suite 500, East Matthew, NE 65912",United States of America,001-945-214-3912,xxxxxx,000000000000000000000000000000005d4c24a9c3a57ac4b9b7677ce9803ea5,"AmyName ,Brown"
EMP001,Andrew,Peterson,Economist,Powers and Sons,taylorgarrett@example.com,"PSC 9300, Box 0486, APO AA 50657",Bouvet Island (Bouvetoya),8702824789,xxxxxx,00000000000000000000000000000000a813ac184377631b4bb8c7dbd65cc38b,"AndrewName ,Peterson"
EMP086,Anthony,Larsen,"Doctor, hospital","Miller, Khan and Chavez",mbell@example.com,"00968 Shaun Locks, Elizabethhaven, TX 88693",Vanuatu,001-373-320-2061x374,xxxxxx,00000000000000000000000000000000da2e617cff650b4d5a987f8c5650f147,"AnthonyName ,Larsen"
EMP009,April,Garcia,Database administrator,White Group,steven81@example.net,"69699 Henderson Burgs, West Megan, DE 24379",Antigua and Barbuda,332.412.2526,xxxxxx,000000000000000000000000000000009f657159460fc525cba1e11f1ecf211b,"AprilName ,Garcia"
EMP091,Arthur,Lozano,Telecommunications researcher,Morgan-Moore,nicholsonpatty@example.net,"4674 Moyer Highway Suite 540, Burtonberg, IA 06511",Niger,(274)673-6859x53877,xxxxxx,00000000000000000000000000000000991f165a34e812791cdcf8cf1058638d,"ArthurName ,Lozano"
EMP064,Ashley,Daniels,Economist,Johnson-Johnston,evanssteven@example.com,"1145 Johnson Isle Suite 526, Jamesburgh, DC 36437",Serbia,001-857-527-7736x10177,xxxxxx,0000000000000000000000000000000065006769bcea7371724ae6c47c1f9902,"AshleyName ,Daniels"
EMP002,Austin,Moore,"Nurse, adult",Cooper-Smith,jorgewelch@example.com,"USNV Hunter, FPO AP 89172",Liechtenstein,(366)477-7934,xxxxxx,00000000000000000000000000000000c15ef86a10a25d215e414b0dcccd2e1a,"AustinName ,Moore"
EMP028,Austin,Lee,Passenger transport manager,Levy PLC,maxwellstephen@example.net,"24634 Patel Loop, Port Dennisside, NY 14040",United States Minor Outlying Islands,(271)511-2993x339,xxxxxx,00000000000000000000000000000000816619dcb01448ea5e0c7ca76c7760d2,"AustinName ,Lee"
EMP014,Barbara,Ford,Music tutor,"Ford, Martin and Daniel",johnreyes@example.com,"21248 Gonzales Square Suite 388, North James, AL 35956",Kyrgyz Republic,+1-707-580-2162x0735,xxxxxx,0000000000000000000000000000000033f22a8d0b5b0b85bcccc07f5ef210c4,"BarbaraName ,Ford"
EMP015,Brandon,White,Medical sales representative,"Martin, Gonzales and Avery",nicholas44@example.net,"63450 Edwards Squares, Bruceville, KY 47451",Wallis and Futuna,841.692.1848,xxxxxx,0000000000000000000000000000000067961a8fbff84ef30796ffdbd9c54218,"BrandonName ,White"
EMP061,Brittany,Hamilton,"Designer, multimedia",Martinez LLC,felicia37@example.com,"7995 Robert Radial, East Scott, OR 14860",Albania,+1-510-868-8246x52155,xxxxxx,000000000000000000000000000000004c4acea3272c2280d0606ca94c828eda,"BrittanyName ,Hamilton"
EMP084,Brittany,Butler,Product designer,Dixon-Cochran,omacdonald@example.com,"812 Schmidt Glens Apt. 853, East Wendyport, LA 57092",British Indian Ocean Territory (Chagos Archipelago),+1-590-565-5831x251,xxxxxx,00000000000000000000000000000000345e21c1f0451a643279ff0541e721d9,"BrittanyName ,Butler"
EMP083,Carla,Gutierrez,Copy,"Torres, Ramirez and Branch",craigmarie@example.net,"2717 Kevin Run, North Brian, PR 58734",Ukraine,001-330-783-6675x0321,xxxxxx,0000000000000000000000000000000019a99457422ecbaee287efb494053be3,"CarlaName ,Gutierrez"
EMP043,Chelsea,Pineda,Counsellor,"Gonzalez, Smith and Ferguson",maychristina@example.com,"PSC 0635, Box 0377, APO AA 22595",French Southern Territories,673-250-4767x50674,xxxxxx,0000000000000000000000000000000053eec881dd15f1731e35d2c999073339,"ChelseaName ,Pineda"
EMP082,Cheryl,Davis,Materials engineer,Hahn Ltd,gregory06@example.org,"4671 David Trail Suite 720, North Johnfurt, OR 15573",Faroe Islands,001-809-317-1366,xxxxxx,0000000000000000000000000000000035f9b151d28fe6980e35ed30e596cbf5,"CherylName ,Davis"
EMP018,Christine,Deleon,"Designer, interior/spatial","Walker, Ross and Velazquez",xquinn@example.com,"24222 Harper Crossroad, Port Michaelton, IA 19013",Spain,001-292-213-9680x497,xxxxxx,0000000000000000000000000000000092a8425ab4f2218358addf82efd59aec,"ChristineName ,Deleon"
EMP040,Christopher,Kramer,Financial risk analyst,Robles-Garcia,handerson@example.net,"39414 Tami Pass Suite 207, Andradeberg, MO 70837",Slovenia,(504)447-3344x08076,xxxxxx,000000000000000000000000000000006e150a35eacb39629fe0eaf4198ce1b1,"ChristopherName ,Kramer"
EMP057,Christopher,Goodwin,Media buyer,Livingston and Sons,reyesmatthew@example.net,"588 Gregory Orchard, Rhondaview, NE 06581",Congo,+1-703-498-9781x0876,xxxxxx,000000000000000000000000000000009ca7b1b34f0e4cd48ac825fbe1444113,"ChristopherName ,Goodwin"
EMP070,Christopher,Tran,Commissioning editor,"Deleon, Johnston and Miles",paul87@example.com,"36635 Angel Expressway, Ferrellborough, NM 90442",Mauritania,616-701-5148,xxxxxx,0000000000000000000000000000000082cf6ab0ac12e05b416fe341c1312007,"ChristopherName ,Tran"
EMP076,Claudia,Robinson,"Doctor, general practice",Obrien LLC,taylorroy@example.net,"02977 Hughes Junctions Suite 212, Aguilarfort, NV 67232",El Salvador,526.323.0136,xxxxxx,000000000000000000000000000000009e4b68d6169148ed5c8b214f2eb3d0ef,"ClaudiaName ,Robinson"
EMP026,Curtis,Shields,Insurance underwriter,"Dunn, Warren and Rivera",taylorthomas@example.org,"3878 Todd Circles Apt. 028, East Oliviaberg, DE 65708",Japan,613.231.8822x716,xxxxxx,00000000000000000000000000000000af27349390892bef31945318c4700f80,"CurtisName ,Shields"
EMP032,Daniel,Hughes,Statistician,Allen-Freeman,logan90@example.com,"12996 Mary Creek, New Alyssafurt, MA 89007",Malaysia,001-765-744-4604x006,xxxxxx,00000000000000000000000000000000bcd7b5295da991e271c60eacad02d1fb,"DanielName ,Hughes"
EMP100,Daniel,Baxter,Water quality scientist,Morris-Fischer,ajohnson@example.org,"27725 Cook Inlet Suite 130, South Kaitlynburgh, IL 09723",Cameroon,+1-732-699-5406,xxxxxx,0000000000000000000000000000000018c9504c5f9ca4d991ce0a67144d882d,"DanielName ,Baxter"
EMP056,Danielle,Roberts,"Pharmacist, hospital",Griffin-Moore,josephallen@example.net,"8287 Lopez Curve, Kevinview, AK 56600",Madagascar,632.896.0499x81966,xxxxxx,0000000000000000000000000000000037251f89ce6de3ca4dcf6f900ab6e83d,"DanielleName ,Roberts"
EMP013,David,Holmes,"Editor, commissioning",Escobar-Padilla,ifields@example.net,"04695 Justin Parkways Apt. 378, East Debbie, KY 27271",United States Minor Outlying Islands,9084857394,xxxxxx,000000000000000000000000000000000d7ecf34a832339a3b70204891ee6f81,"DavidName ,Holmes"
EMP071,David,Jimenez,Chartered certified accountant,"Harris, Wilson and Hughes",cole83@example.net,"4398 Victoria Dam Suite 747, Andersonland, AL 85926",Korea,(349)752-8800,xxxxxx,00000000000000000000000000000000523e4a311b3bd08e4e0fd27200460a5b,"DavidName ,Jimenez"
EMP073,David,Lewis,"Engineer, structural",Garcia-Davidson,cynthia88@example.net,"08939 Haley Shores, Jimenezside, PR 47905",New Zealand,001-708-369-4826,xxxxxx,00000000000000000000000000000000b2477b855a674165a7b01932e552c033,"DavidName ,Lewis"
EMP051,Deanna,Andrews,"Producer, television/film/video",Schmidt Ltd,lauraperry@example.com,"80563 Thomas Lakes Suite 870, Nunezbury, CO 76146",Grenada,(380)279-3000,xxxxxx,00000000000000000000000000000000b099d934072e8a6146f9a975601c3bf9,"DeannaName ,Andrews"
EMP066,Debbie,Beard,Immigration officer,Bentley LLC,vowens@example.com,"92417 Schwartz Ridge Apt. 082, Lake Davidton, NE 65502",Timor-Leste,930.579.2675,xxxxxx,000000000000000000000000000000008f7978da95932b7d8f678427feb46900,"DebbieName ,Beard"
EMP027,Donna,Cook,Community arts worker,Bishop PLC,gbright@example.com,"52314 Wright Flat, New Jeffrey, AL 39829",New Zealand,+1-758-704-3308x09083,xxxxxx,00000000000000000000000000000000e3b348a889db45f562bd2b606b151411,"DonnaName ,Cook"
EMP034,Donna,Ramirez,"Therapist, drama",Serrano-Woods,maureen38@example.net,"1839 Yvonne Drive, Port Jasonland, MH 70274",Cyprus,+1-213-200-6574x084,xxxxxx,00000000000000000000000000000000f35a1546e9186ed643724305e1d60ed4,"DonnaName ,Ramirez"
EMP075,Elizabeth,Sanchez,Orthoptist,Fleming-Parker,donna16@example.net,"2867 Green Square, Raymondberg, KS 06624",Kazakhstan,001-723-729-6936x2457,xxxxxx,000000000000000000000000000000002569311f860eca8ea46a76328b65b54f,"ElizabethName ,Sanchez"
EMP068,Haley,Chandler,Customer service manager,"Gillespie, Ramirez and Rodriguez",cooperlindsay@example.com,"8326 Jones Burgs Apt. 001, Moralesberg, MP 86522",Pitcairn Islands,+1-477-529-0159x3789,xxxxxx,000000000000000000000000000000008e9c223cc175f79a21915347786157a9,"HaleyName ,Chandler"
EMP016,Jack,Golden,"Biochemist, clinical","Collins, Marquez and Solis",oscarwilliams@example.com,"05489 Leslie Route, Deborahfurt, NE 16459",Madagascar,+1-542-240-2810x18080,xxxxxx,000000000000000000000000000000000230283154654d402b39f455f0ed386e,"JackName ,Golden"
EMP047,Jack,Ryan,Recycling officer,"Jones, Chavez and Taylor",navarrojennifer@example.com,"961 Miller Viaduct, Perrymouth, VI 16655",Bermuda,001-310-201-8757,xxxxxx,00000000000000000000000000000000ae3b5b0752fa8185663850b180973dd2,"JackName ,Ryan"
EMP097,Jacob,Peterson,Automotive engineer,"Burgess, Roberts and Fischer",wattssarah@example.net,"45932 Jennifer Turnpike Suite 006, Williammouth, DC 94104",Cook Islands,832.937.6672x6571,xxxxxx,000000000000000000000000000000004e3dd6f06b009efd9ee65aea4e7db1ed,"JacobName ,Peterson"
EMP031,Jacqueline,Brown,"Journalist, magazine","Green, Moran and George",jburns@example.org,"0267 Stone Path, South Karenville, AL 76017",Albania,+1-585-686-5954,xxxxxx,00000000000000000000000000000000af4497135966aca1618f8de1b53fc545,"JacquelineName ,Brown"
EMP007,James,King,Counsellor,Young PLC,angela44@example.org,"4540 George Gateway Apt. 963, Douglasfort, WY 28530",Netherlands Antilles,(566)325-4923x1755,xxxxxx,000000000000000000000000000000002992a28c1e81f3f31bad79568e8a181e,"JamesName ,King"
EMP022,James,Alexander,Sports therapist,"Dawson, Ferguson and Gray",ryan63@example.org,"3523 Mills Walks, New Tinahaven, NC 08853",Grenada,301-790-4042x9937,xxxxxx,000000000000000000000000000000005e655e8af4bb576de7d92111345b44e3,"JamesName ,Alexander"
EMP046,James,Sims,"Designer, graphic",Parrish-Gray,mgomez@example.org,"5121 David Expressway Suite 950, Brandonbury, NY 81437",Nepal,001-292-994-9296,xxxxxx,000000000000000000000000000000005a79d107d5b339bef8c269b83449aa93,"JamesName ,Sims"
EMP085,Jane,Cobb,Media buyer,"Montgomery, Perez and Willis",belliott@example.org,"2487 Amy Cliff Apt. 411, Andreaville, MP 06874",Nigeria,535-796-0968x380,xxxxxx,00000000000000000000000000000000578671a1bdfd6c790c2e10537d561e2d,"JaneName ,Cobb"
EMP078,Jean,Foster,Academic librarian,Smith-Weeks,carl65@example.org,"838 David Light, Roweville, MA 24712",Gambia,(609)562-9876x36374,xxxxxx,000000000000000000000000000000009686acc5079276bfd3531c072f462e9c,"JeanName ,Foster"
EMP080,Jeffery,Davis,Aid worker,"Montgomery, Jackson and Guerrero",christopher05@example.net,"PSC 4711, Box 9896, APO AA 26636",Canada,799-205-9692x61797,xxxxxx,00000000000000000000000000000000e328af6622a00da10b14e14763d1fa42,"JefferyName ,Davis"
EMP093,Jenna,Hayes,"Embryologist, clinical","Ray, Gutierrez and Harris",vrodriguez@example.net,"Unit 1464 Box 1617, DPO AA 71059",Bouvet Island (Bouvetoya),(414)461-5913,xxxxxx,000000000000000000000000000000000fcecf94f6666b76fda6be0734127942,"JennaName ,Hayes"
EMP012,Jennifer,Mills,"Nurse, adult","Smith, Marshall and Garcia",rayrussell@example.org,"3620 Bennett Parks Suite 309, North Julie, MI 08512",Tunisia,(818)560-9220x735,xxxxxx,00000000000000000000000000000000b4527efae52c886719f80e73064344e3,"JenniferName ,Mills"
EMP037,Jennifer,Allison,"Horticulturist, commercial",Mitchell-Henry,eileentaylor@example.org,"105 Villanueva Locks, Kirkchester, CO 33009",Fiji,8225052129,xxxxxx,0000000000000000000000000000000013a4cdf93b68c5a2e9c6ffab1a081213,"JenniferName ,Allison"
EMP045,Jennifer,Fitzgerald,"Surveyor, hydrographic",Greene-Dickerson,parkstabitha@example.net,"Unit 5883 Box 1326, DPO AA 40162",Saint Vincent and the Grenadines,310.897.8009x04438,xxxxxx,00000000000000000000000000000000780ab01c68d9384c910e2106663c4f7c,"JenniferName ,Fitzgerald"
EMP087,Jessica,Molina,Microbiologist,"Armstrong, Miller and Collins",cclark@example.org,"7754 Knight Motorway, New John, AZ 20320",Senegal,(731)534-6934x97354,xxxxxx,0000000000000000000000000000000079ecb858851ff5ebdf57c9ee73460f75,"JessicaName ,Molina"
EMP053,Jimmy,Castillo,Teaching laboratory technician,"Benson, Wright and Lamb",courtneycortez@example.org,"9808 Jenny Knolls, Hansonstad, ID 00764",Australia,001-679-745-3315x0230,xxxxxx,00000000000000000000000000000000d00c26dd15cf1f8a38169c9d45c5a07a,"JimmyName ,Castillo"
EMP010,John,Green,Speech and language therapist,"Joseph, Hernandez and Ruiz",davidcook@example.net,"00547 Kimberly Greens Suite 316, Jamesstad, OK 40273",Togo,(743)588-5060x81249,xxxxxx,000000000000000000000000000000000305f9e0f7397918c9686c9a8a074409,"JohnName ,Green"
EMP063,Joshua,Byrd,"Pharmacist, hospital",Sullivan-Roy,nvillanueva@example.org,"925 Thomas Point Suite 240, West Aprilmouth, IN 64364",Chad,697.683.2601,xxxxxx,00000000000000000000000000000000f0617d474232af4fcf3a86b9369e31a2,"JoshuaName ,Byrd"
EMP006,Joyce,Taylor,Orthoptist,Ingram-Harvey,emily60@example.org,"58015 Gregory Islands, Matamouth, MH 30466",Saudi Arabia,259.436.0941,xxxxxx,00000000000000000000000000000000306b14c5fedb86961899aea038172779,"JoyceName ,Taylor"
EMP036,Karen,Marsh,"Surveyor, building",Keith-Wilson,vhenderson@example.com,"PSC 0936, Box 8651, APO AE 79480",Saint Barthelemy,+1-978-244-4666x06685,xxxxxx,000000000000000000000000000000004b1a2547f775a234a59ee7d11b9f605a,"KarenName ,Marsh"
EMP033,Keith,Smith,Multimedia programmer,Morgan-Turner,jacobsutton@example.net,"4698 Stephen Overpass Apt. 882, South Sherylside, PR 15220",Lithuania,498.819.3629x5333,xxxxxx,00000000000000000000000000000000f9a290135b0ac218e3cc274ba44e044c,"KeithName ,Smith"
EMP041,Laura,Huff,"Administrator, Civil Service",Robinson Ltd,andersonrandall@example.org,"PSC 8241, Box 8798, APO AA 07544",Canada,737.335.7780,xxxxxx,00000000000000000000000000000000a5841998280bde3c6ee9890757eb8dd4,"LauraName ,Huff"
EMP081,Laura,Fleming,Risk manager,Beard Ltd,vancetaylor@example.org,"206 Young Pass, Hesterland, ID 54904",Gibraltar,+1-646-418-6602x7733,xxxxxx,00000000000000000000000000000000cf3cbe040adabb25a329abae273b40db,"LauraName ,Fleming"
EMP065,Lauren,Espinoza,Chemical engineer,Noble-Lawrence,kaitlynjones@example.org,"836 Susan Drive, Walkerhaven, IN 72941",Zimbabwe,+1-252-670-4448x860,xxxxxx,000000000000000000000000000000000b4a3e197a8739084d24a67a0362f4df,"LaurenName ,Espinoza"
EMP024,Linda,Cooper,Energy engineer,Webb PLC,ojackson@example.org,"963 Nicole Path, Wolfburgh, AL 49534",United Kingdom,(765)257-8319x87241,xxxxxx,00000000000000000000000000000000ecb1d158a0723c87cc5bced290d1bb4c,"LindaName ,Cooper"
EMP077,Lisa,Murphy,Museum/gallery curator,"Farley, Bradshaw and Ortiz",floydshane@example.org,"7908 Sarah Pike Apt. 648, East Jodi, MS 22138",Zimbabwe,(880)270-5297x64372,xxxxxx,000000000000000000000000000000000bc4fbab0d59c74c336817faab05c94e,"LisaName ,Murphy"
EMP020,Lori,Williams,Risk manager,Snyder-Page,lstokes@example.com,"56948 Evans Village, Andersonstad, MN 66309",Egypt,761-237-7203,xxxxxx,000000000000000000000000000000005127c85234e304d9934c74d4801c7a84,"LoriName ,Williams"
EMP055,Lori,Li,Hydrologist,Williams and Sons,gabriella35@example.net,"363 Ruiz Drive, Lake Kathleenhaven, UT 14877",Montenegro,287.674.5918x96462,xxxxxx,00000000000000000000000000000000c325021d29383110486c94abf5859ca5,"LoriName ,Li"
EMP011,Madison,Underwood,Fine artist,"Hensley, Miller and Williams",wolfjohn@example.com,"693 Stone Cape Suite 066, East Cody, LA 66662",Oman,(434)774-2811x8226,xxxxxx,000000000000000000000000000000006505f0a6d3de3c5ec204a767c871a88e,"MadisonName ,Underwood"
EMP054,Madison,Hicks,Furniture designer,Villegas PLC,josephterrell@example.com,"46075 Collins Causeway Suite 492, West Logan, SC 38249",Malta,+1-347-200-9744x30468,xxxxxx,00000000000000000000000000000000917d786167a8d4e8bdbbd8f35ba5f356,"MadisonName ,Hicks"
EMP023,Marcus,Price,Radiation protection practitioner,Maldonado Ltd,donald12@example.org,"760 Mandy Land Apt. 097, West Ethanside, AR 46672",Armenia,+1-476-498-5503x58333,xxxxxx,00000000000000000000000000000000162c9ff4f005c2f290e1862aac616730,"MarcusName ,Price"
EMP050,Marisa,Lamb,Water engineer,Jefferson-Garcia,wheelersteven@example.com,"032 Jenna Mountain Suite 801, Rodgersfurt, WI 29991",Bolivia,(754)439-3257x693,xxxxxx,000000000000000000000000000000007e81af28e3be78d6f576e9a2ebb53e3b,"MarisaName ,Lamb"
EMP030,Matthew,Oconnell,"Engineer, structural",Hernandez PLC,scottjoshua@example.com,"5975 Gregory Shore, Williambury, ID 48117",France,527-733-5019x8541,xxxxxx,000000000000000000000000000000000adfd3c7f23688ae4a6a10c9599eeafa,"MatthewName ,Oconnell"
EMP035,Matthew,Malone,Animal technologist,"Richards, Young and Middleton",dwheeler@example.com,"15119 John Corners, East Kathy, WI 62080",Iraq,+1-844-305-2708x455,xxxxxx,0000000000000000000000000000000083c5bb121376c546a79fc5abf4d8d29e,"MatthewName ,Malone"
EMP094,Melanie,Bernard,Sub,Gilbert-Brown,adamhernandez@example.net,"6183 Vang Views, Mcleanchester, ID 76693",Chile,(851)277-7242x875,xxxxxx,00000000000000000000000000000000e8a0ccf1969b4e515534a0a6e6203a13,"MelanieName ,Bernard"
EMP042,Melissa,Hopkins,Clinical embryologist,Griffin-Moore,hbenson@example.com,"73709 April Village Suite 022, Theresamouth, AZ 64213",Uganda,001-793-857-7328x78188,xxxxxx,00000000000000000000000000000000b05022748fd7b510dd5540df0d7ed970,"MelissaName ,Hopkins"
EMP049,Melissa,Alexander,Facilities manager,"Johnston, Palmer and Diaz",alexandergreene@example.com,"539 Clark Prairie, Williammouth, LA 10236",Marshall Islands,(976)825-3937x39747,xxxxxx,000000000000000000000000000000008a508577128ab0c90bf3d0b1a201174e,"MelissaName ,Alexander"
EMP092,Melissa,Duffy,Tax adviser,"Lawson, Yu and Johnson",makaylajones@example.com,"240 Smith Alley Suite 855, Robinsonfurt, UT 11951",Solomon Islands,+1-817-402-4195x8581,xxxxxx,00000000000000000000000000000000b470cfe5a78cc509fe8a1da6231b7631,"MelissaName ,Duffy"
EMP025,Michael,Gonzales,Economist,Mendez Group,vanessa81@example.org,"29682 Huang Circle, Dominguezland, UT 53900",Brazil,(671)430-8715x590,xxxxxx,0000000000000000000000000000000055a72be296335a7038f809848fae2dfc,"MichaelName ,Gonzales"
EMP060,Michael,Hubbard,"Engineer, chemical",Juarez and Sons,michaelbaxter@example.com,"648 Michelle Alley, Lake Michelle, VI 48035",Kuwait,465-656-4119,xxxxxx,00000000000000000000000000000000bda5ea44474f09de8554e773ac1d003d,"MichaelName ,Hubbard"
EMP088,Nicholas,Ford,Medical secretary,"Burns, Marshall and Clark",rebecca77@example.net,"76094 Ford Parks, Emilychester, NY 91304",Jordan,+1-274-266-8569,xxxxxx,000000000000000000000000000000006e275c2435957d1acf1d423697efb436,"NicholasName ,Ford"
EMP039,Paul,Saunders,Environmental manager,Orozco Ltd,cookjoseph@example.com,"5609 Alexandra Dale Apt. 041, Ericksonburgh, HI 49827",Albania,+1-339-272-8364x7544,xxxxxx,00000000000000000000000000000000b052f48a7316ad0a82474adb3d535193,"PaulName ,Saunders"
EMP019,Peter,Valencia,"Designer, textile","Greene, Smith and Martinez",lamtimothy@example.org,"90752 Ramirez Mountain Suite 646, Jacksonview, FL 19685",Azerbaijan,839-596-7235,xxxxxx,0000000000000000000000000000000011c23cd59c5aedc3cf47d968a7615ea9,"PeterName ,Valencia"
EMP096,Robert,English,Industrial/product designer,Wilson-James,walkerjoseph@example.net,"7158 Howe Circles Apt. 691, South Scottstad, TN 02983",Mali,305-756-1426,xxxxxx,00000000000000000000000000000000b600bd2d756300282d2d5911b83904f4,"RobertName ,English"
EMP067,Samantha,Jensen,"Engineer, biomedical","Gordon, Smith and West",allenheather@example.net,"8974 Sherri Meadow Suite 236, South Janetborough, KY 03275",Solomon Islands,001-217-349-3508,xxxxxx,0000000000000000000000000000000052487667c7662cdb909d1da18dfde35f,"SamanthaName ,Jensen"
EMP074,Samantha,Harmon,Research scientist (medical),Marquez-Howard,kerrykennedy@example.com,"5236 Kevin Island Suite 309, Jeffreyshire, KY 65550",Lao People's Democratic Republic,5575478794,xxxxxx,00000000000000000000000000000000187103c5359938aa3d642d2d87aef8ea,"SamanthaName ,Harmon"
EMP079,Sara,Wilcox,Systems analyst,"Stone, Douglas and Beck",dmartinez@example.org,"913 David Unions Suite 382, North Danielleberg, WA 71098",Liberia,4315804553,xxxxxx,00000000000000000000000000000000e7c3656407ca548cc80ea2644141693e,"SaraName ,Wilcox"
EMP089,Scott,Mays,Osteopath,Smith LLC,fritzsue@example.org,"37291 Larry Overpass, East Richard, ND 90867",Paraguay,469.618.0769x259,xxxxxx,000000000000000000000000000000003aa497dac1c6ad5fa129c5b7911bd7e1,"ScottName ,Mays"
EMP008,Stephen,Barton,Pathologist,"Mcmillan, Brandt and Cervantes",perezdiane@example.net,"49732 Blankenship Gardens, East Connie, OH 24654",Suriname,001-928-544-0777x55164,xxxxxx,00000000000000000000000000000000e32324810accd5246f0f2cfd05a39c0b,"StephenName ,Barton"
EMP003,Steven,Armstrong,Economist,"Martin, Reynolds and Schultz",amy21@example.org,"3697 Mary Grove, West Jaredview, WY 00520",Hong Kong,(920)975-3695x4816,xxxxxx,00000000000000000000000000000000bb23cf5d3c56fe40c9507b740ea9aabe,"StevenName ,Armstrong"
EMP072,Steven,West,Accommodation manager,"Gonzalez, Hurst and Butler",hendersondeborah@example.com,"Unit 4665 Box 5091, DPO AA 30382",Australia,792.271.2690x2684,xxxxxx,00000000000000000000000000000000def84b041b44b996967a62d5ecb11488,"StevenName ,West"
EMP058,Susan,James,"Investment banker, corporate","Galvan, Wong and Torres",lewisspencer@example.org,"6629 Amanda Burgs, Port Deborah, SC 02359",Mayotte,+1-226-951-4468x239,xxxxxx,00000000000000000000000000000000e1fecaad38e88dd262c70ba36a2a4495,"SusanName ,James"
EMP098,Susan,Thompson,Radiation protection practitioner,"Gonzalez, Griffin and Blanchard",michaelcarlson@example.net,"3708 Eileen Ways, East Karinaborough, TX 90511",Bulgaria,717.586.5258x0257,xxxxxx,0000000000000000000000000000000084f41b2d1a3ca35ddfba035952958807,"SusanName ,Thompson"
EMP004,Suzanne,Gilmore,Chief Executive Officer,Walsh-Hunt,jodi68@example.org,"30238 Kimberly Squares, Robinsonchester, MN 15837",Bahamas,+1-203-641-6978x10347,xxxxxx,00000000000000000000000000000000eaa282f526df7035db73c35e59003d95,"SuzanneName ,Gilmore"
EMP048,Tammy,Collins,Meteorologist,Richardson Group,johnvargas@example.net,"9540 Johnson Ways Apt. 587, Lake Christopher, AZ 74645",Ethiopia,001-273-603-1211x2262,xxxxxx,00000000000000000000000000000000b692dabc3307066edfd5753c882e0cb9,"TammyName ,Collins"
EMP005,Tara,Powell,Community development worker,Hansen-Woods,schwartzjessica@example.com,"9104 Michael Forks, East Melissa, ND 21273",Uruguay,001-896-296-0849x57351,xxxxxx,00000000000000000000000000000000c20ea5e4cb56b2c85e32648f4f7e7bf3,"TaraName ,Powell"
EMP062,Teresa,Cook,"Teacher, early years/pre","Prince, Bennett and Maldonado",parkerscott@example.net,"414 Leonard Extension, North Wendyhaven, OK 01601",Bouvet Island (Bouvetoya),243-481-2347x895,xxxxxx,00000000000000000000000000000000f3457033f10b61d047347847ac47ea33,"TeresaName ,Cook"
EMP044,Thomas,Lopez,Garment/textile technologist,Cole-Weaver,ruizluis@example.com,"112 Sandy Motorway Suite 899, Brittanyfort, NC 02869",Bolivia,+1-366-244-6597,xxxxxx,0000000000000000000000000000000005f25a491199b388ed9afba8d12c38bd,"ThomasName ,Lopez"
EMP038,Tiffany,Martin,International aid/development worker,"Rios, Simpson and Mcintyre",zruiz@example.org,"881 Donald Locks, South Nicholasside, PA 69359",Rwanda,+1-991-293-3340x93979,xxxxxx,00000000000000000000000000000000d3e3e9ddf87d13464e7268d62b33cc39,"TiffanyName ,Martin"
EMP069,Tina,Terry,"Designer, textile",Meyer-Fischer,pjohnston@example.org,"3384 Mcmahon Light, Huntermouth, PA 43000",Croatia,+1-421-279-0527x5043,xxxxxx,00000000000000000000000000000000789acd4e9d46136e26e5121d9497d9ca,"TinaName ,Terry"
EMP090,Travis,Hall,"Engineer, drilling","Weaver, Mitchell and Johnson",codyharris@example.com,"8795 Randall Walk Apt. 395, Hallport, MA 36481",Pakistan,442-835-9390x84632,xxxxxx,000000000000000000000000000000006c681442396f6f3d0653020b32ded9ad,"TravisName ,Hall"
EMP021,Troy,Baker,"Surveyor, minerals","Rivera, Black and Robinson",riveramichael@example.com,"34633 Harris Island Apt. 068, Nicholasside, CA 80189",Cameroon,001-588-548-2797x432,xxxxxx,000000000000000000000000000000000f8e8fc466f0720bd9bcf50181b7edc6,"TroyName ,Baker"
EMP095,Tyler,Moore,"Psychologist, clinical",Holt-Miller,mark98@example.com,"PSC 8099, Box 4132, APO AE 83534",Ukraine,001-755-836-8113x88056,xxxxxx,0000000000000000000000000000000012a6ac41aa54b7a0c4b4418a4938bdb6,"TylerName ,Moore"
EMP052,William,Morrison,Chartered management accountant,Cruz-Wheeler,zsmith@example.com,"74216 Parker Shoals, New Katherinefurt, ND 34935",Syrian Arab Republic,(624)711-7657x5405,xxxxxx,0000000000000000000000000000000047c1692be193c8bdd71b0f5d7adb95f8,"WilliamName ,Morrison"
EMP099,William,Gutierrez,International aid/development worker,"Brooks, Anderson and Garcia",davidrodriguez@example.net,"261 Thomas Grove, Aprilmouth, KY 79702",Papua New Guinea,906.584.6481,xxxxxx,0000000000000000000000000000000015adaa672e5c9a98eaf27bb8f4634cf9,"WilliamName ,Gutierrez"
EMP029,Zachary,Wilson,Pathologist,Proctor LLC,evanskelly@example.net,"850 Anthony Villages, South Jeffreyfort, PA 11630",Micronesia,(381)689-1072,xxxxxx,00000000000000000000000000000000311aa365e6b07a4431caa1096c8c261e,"ZacharyName ,Wilson"